ts,dispositivo_id,p_ac_kw,irradiancia_wm2,temp_modulo_c
2026-10-05 00:00:00,1,0.0,0.0,22.0
2026-10-05 00:05:00,1,0.0,0.0,22.0
2026-10-05 00:10:00,1,0.0,0.0,22.0
2026-10-05 00:15:00,1,0.0,0.0,22.0
2026-10-05 00:20:00,1,0.0,0.0,22.0
2026-10-05 00:25:00,1,0.0,0.0,22.0
2026-10-05 00:30:00,1,0.0,0.0,22.0
2026-10-05 00:35:00,1,0.0,0.0,22.0
2026-10-05 00:40:00,1,0.0,0.0,22.0
2026-10-05 00:45:00,1,0.0,0.0,22.0
2026-10-05 00:50:00,1,0.0,0.0,22.0
2026-10-05 00:55:00,1,0.0,0.0,22.0
2026-10-05 01:00:00,1,0.0,0.0,22.0
2026-10-05 01:10:00,1,0.0,0.0,22.0
2026-10-05 01:15:00,1,0.0,0.0,22.0
2026-10-05 01:20:00,1,0.0,0.0,22.0
2026-10-05 01:25:00,1,0.0,0.0,22.0
2026-10-05 01:30:00,1,0.0,0.0,22.0
2026-10-05 01:35:00,1,0.0,0.0,22.0
2026-10-05 01:40:00,1,0.0,0.0,22.0
2026-10-05 01:45:00,1,0.0,0.0,22.0
2026-10-05 01:50:00,1,0.0,0.0,22.0
2026-10-05 01:55:00,1,0.0,0.0,22.0
2026-10-05 02:00:00,1,0.0,0.0,22.0
2026-10-05 02:05:00,1,0.0,0.0,22.0
2026-10-05 02:10:00,1,0.0,0.0,22.0
2026-10-05 02:15:00,1,0.0,0.0,22.0
2026-10-05 02:20:00,1,0.0,0.0,22.0
2026-10-05 02:30:00,1,0.0,0.0,22.0
2026-10-05 02:35:00,1,0.0,0.0,22.0
2026-10-05 02:40:00,1,0.0,0.0,22.0
2026-10-05 02:45:00,1,0.0,0.0,22.0
2026-10-05 02:50:00,1,0.0,0.0,22.0
2026-10-05 02:55:00,1,0.0,0.0,22.0
2026-10-05 03:00:00,1,0.0,0.0,22.0
2026-10-05 03:05:00,1,0.0,0.0,22.0
2026-10-05 03:10:00,1,0.0,0.0,22.0
2026-10-05 03:15:00,1,0.0,0.0,22.0
2026-10-05 03:20:00,1,0.0,0.0,22.0
2026-10-05 03:25:00,1,0.0,0.0,22.0
2026-10-05 03:30:00,1,0.0,0.0,22.0
2026-10-05 03:35:00,1,0.0,0.0,22.0
2026-10-05 03:40:00,1,0.0,0.0,22.0
2026-10-05 03:45:00,1,0.0,0.0,22.0
2026-10-05 03:50:00,1,0.0,0.0,22.0
2026-10-05 03:55:00,1,0.0,0.0,22.0
2026-10-05 04:00:00,1,0.0,0.0,22.0
2026-10-05 04:05:00,1,0.0,0.0,22.0
2026-10-05 04:10:00,1,0.0,0.0,22.0
2026-10-05 04:15:00,1,0.0,0.0,22.0
2026-10-05 04:20:00,1,0.0,0.0,22.0
2026-10-05 04:25:00,1,0.0,0.0,22.0
2026-10-05 04:30:00,1,0.0,0.0,22.0
2026-10-05 04:35:00,1,0.0,0.0,22.0
2026-10-05 04:40:00,1,0.0,0.0,22.0
2026-10-05 04:45:00,1,0.0,0.0,22.0
2026-10-05 04:50:00,1,0.0,0.0,22.0
2026-10-05 04:55:00,1,0.0,0.0,22.0
2026-10-05 05:00:00,1,0.0,0.0,22.0
2026-10-05 05:05:00,1,0.0,0.0,22.0
2026-10-05 05:10:00,1,0.0,0.0,22.0
2026-10-05 05:15:00,1,0.0,0.0,22.0
2026-10-05 05:20:00,1,0.0,0.0,22.0
2026-10-05 05:25:00,1,0.0,0.0,22.0
2026-10-05 05:30:00,1,0.0,0.0,22.0
2026-10-05 05:35:00,1,0.0,0.0,22.0
2026-10-05 05:40:00,1,0.0,0.0,22.0
2026-10-05 05:45:00,1,0.0,0.0,22.0
2026-10-05 05:50:00,1,0.0,0.0,22.0
2026-10-05 05:55:00,1,0.0,0.0,22.0
2026-10-05 06:00:00,1,0.0,0.0,22.0
2026-10-05 06:05:00,1,0.077,17.2,22.7
2026-10-05 06:10:00,1,0.164,37.6,23.3
2026-10-05 06:15:00,1,0.243,57.2,24.0
2026-10-05 06:20:00,1,0.292,65.1,24.6
2026-10-05 06:25:00,1,0.354,82.3,25.3
2026-10-05 06:30:00,1,0.408,100.6,25.9
2026-10-05 06:35:00,1,0.506,117.7,26.6
2026-10-05 06:40:00,1,0.615,143.4,27.2
2026-10-05 06:45:00,1,0.785,191.3,27.9
2026-10-05 06:50:00,1,0.701,167.0,28.5
2026-10-05 06:55:00,1,0.781,187.8,29.1
2026-10-05 07:00:00,1,0.79,186.8,29.8
2026-10-05 07:05:00,1,1.128,279.5,30.4
2026-10-05 07:10:00,1,1.047,234.4,31.0
2026-10-05 07:15:00,1,1.296,309.8,31.6
2026-10-05 07:20:00,1,1.414,325.0,32.3
2026-10-05 07:30:00,1,1.501,361.7,33.5
2026-10-05 07:35:00,1,1.608,395.4,34.1
2026-10-05 07:40:00,1,1.323,309.4,34.7
2026-10-05 07:45:00,1,1.699,389.9,35.3
2026-10-05 07:50:00,1,1.699,411.1,35.9
2026-10-05 07:55:00,1,2.067,467.3,36.4
2026-10-05 08:05:00,1,2.087,483.2,37.6
2026-10-05 08:10:00,1,2.119,495.6,38.1
2026-10-05 08:15:00,1,1.577,390.5,38.7
2026-10-05 08:20:00,1,2.38,557.0,39.2
2026-10-05 08:25:00,1,2.107,517.2,39.7
2026-10-05 08:30:00,1,2.146,482.4,40.3
2026-10-05 08:35:00,1,2.669,599.8,40.8
2026-10-05 08:40:00,1,2.018,498.1,41.3
2026-10-05 08:45:00,1,2.675,636.4,41.8
2026-10-05 08:50:00,1,2.251,504.2,42.3
2026-10-05 08:55:00,1,3.025,686.6,42.7
2026-10-05 09:00:00,1,2.185,500.2,43.2
2026-10-05 09:05:00,1,3.113,707.4,43.7
2026-10-05 09:10:00,1,2.874,695.4,44.1
2026-10-05 09:15:00,1,2.443,550.7,44.6
2026-10-05 09:20:00,1,2.589,587.3,45.0
2026-10-05 09:25:00,1,2.715,617.3,45.4
2026-10-05 09:30:00,1,2.298,561.0,45.8
2026-10-05 09:35:00,1,3.468,773.6,46.2
2026-10-05 09:40:00,1,3.07,731.0,46.6
2026-10-05 09:45:00,1,3.199,715.8,46.9
2026-10-05 09:50:00,1,3.418,835.9,47.3
2026-10-05 09:55:00,1,2.702,666.5,47.6
2026-10-05 10:00:00,1,3.307,795.5,48.0
2026-10-05 10:05:00,1,3.137,748.2,48.3
2026-10-05 10:15:00,1,3.743,876.8,48.9
2026-10-05 10:20:00,1,3.625,836.1,49.2
2026-10-05 10:25:00,1,2.859,659.9,49.5
2026-10-05 10:30:00,1,3.246,733.7,49.7
2026-10-05 10:35:00,1,3.059,736.4,50.0
2026-10-05 10:40:00,1,3.199,771.2,50.2
2026-10-05 10:45:00,1,3.497,782.3,50.4
2026-10-05 10:50:00,1,3.989,925.9,50.6
2026-10-05 10:55:00,1,3.319,829.8,50.8
2026-10-05 11:00:00,1,3.435,800.7,51.0
2026-10-05 11:05:00,1,3.442,815.4,51.1
2026-10-05 11:10:00,1,3.658,822.0,51.3
2026-10-05 11:15:00,1,2.977,736.5,51.4
2026-10-05 11:20:00,1,3.652,876.4,51.5
2026-10-05 11:25:00,1,3.966,914.6,51.7
2026-10-05 11:30:00,1,3.022,753.2,51.7
2026-10-05 11:35:00,1,3.706,837.5,51.8
2026-10-05 11:40:00,1,3.543,821.2,51.9
2026-10-05 11:45:00,1,3.852,907.0,51.9
2026-10-05 11:50:00,1,3.586,896.0,52.0
2026-10-05 11:55:00,1,3.773,930.8,52.0
2026-10-05 12:00:00,1,3.372,752.8,52.0
2026-10-05 12:05:00,1,2.949,714.9,52.0
2026-10-05 12:10:00,1,3.679,836.1,52.0
2026-10-05 12:15:00,1,4.273,994.2,51.9
2026-10-05 12:20:00,1,4.15,963.7,51.9
2026-10-05 12:25:00,1,3.737,846.4,51.8
2026-10-05 12:30:00,1,4.201,960.9,51.7
2026-10-05 12:35:00,1,3.17,768.7,51.7
2026-10-05 12:40:00,1,3.901,915.6,51.5
2026-10-05 12:45:00,1,3.099,767.3,51.4
2026-10-05 12:50:00,1,3.174,763.0,51.3
2026-10-05 12:55:00,1,2.964,720.3,51.1
2026-10-05 13:00:00,1,3.552,880.9,51.0
2026-10-05 13:05:00,1,3.485,828.3,50.8
2026-10-05 13:10:00,1,3.508,787.8,50.6
2026-10-05 13:15:00,1,3.81,860.4,50.4
2026-10-05 13:20:00,1,3.062,765.0,50.2
2026-10-05 13:25:00,1,3.821,863.1,50.0
2026-10-05 13:30:00,1,3.337,762.9,49.7
2026-10-05 13:35:00,1,3.315,806.4,49.5
2026-10-05 13:40:00,1,3.023,752.9,49.2
2026-10-05 13:45:00,1,3.406,810.5,48.9
2026-10-05 13:50:00,1,3.029,745.3,48.6
2026-10-05 13:55:00,1,2.606,620.8,48.3
2026-10-05 14:00:00,1,2.65,613.3,48.0
2026-10-05 14:05:00,1,2.886,716.9,47.6
2026-10-05 14:10:00,1,2.681,643.9,47.3
2026-10-05 14:15:00,1,2.961,676.6,46.9
2026-10-05 14:25:00,1,3.127,695.0,46.2
2026-10-05 14:30:00,1,3.118,710.1,45.8
2026-10-05 14:35:00,1,3.233,722.4,45.4
2026-10-05 14:40:00,1,2.205,540.9,45.0
2026-10-05 14:45:00,1,2.9,677.3,44.6
2026-10-05 14:50:00,1,2.94,670.8,44.1
2026-10-05 14:55:00,1,2.788,637.3,43.7
2026-10-05 15:00:00,1,2.998,668.8,43.2
2026-10-05 15:05:00,1,2.034,489.4,42.7
2026-10-05 15:10:00,1,2.801,667.1,42.3
2026-10-05 15:15:00,1,2.071,476.6,41.8
2026-10-05 15:20:00,1,2.06,469.6,41.3
2026-10-05 15:25:00,1,2.237,550.9,40.8
2026-10-05 15:30:00,1,2.375,569.1,40.3
2026-10-05 15:35:00,1,2.04,479.7,39.7
2026-10-05 15:40:00,1,2.416,547.7,39.2
2026-10-05 15:45:00,1,2.37,549.0,38.7
2026-10-05 15:50:00,1,2.067,490.1,38.1
2026-10-05 15:55:00,1,2.123,513.4,37.6
2026-10-05 16:00:00,1,1.827,430.7,37.0
2026-10-05 16:05:00,1,1.828,442.2,36.4
2026-10-05 16:10:00,1,1.772,438.3,35.9
2026-10-05 16:15:00,1,1.447,342.0,35.3
2026-10-05 16:20:00,1,1.381,343.9,34.7
2026-10-05 16:25:00,1,1.248,303.9,34.1
2026-10-05 16:30:00,1,1.363,307.0,33.5
2026-10-05 16:35:00,1,1.136,283.7,32.9
2026-10-05 16:40:00,1,1.082,248.2,32.3
2026-10-05 16:45:00,1,1.295,298.1,31.6
2026-10-05 16:50:00,1,1.12,254.8,31.0
2026-10-05 16:55:00,1,0.932,214.5,30.4
2026-10-05 17:00:00,1,0.959,226.3,29.8
2026-10-05 17:05:00,1,0.86,196.7,29.1
2026-10-05 17:10:00,1,0.815,197.1,28.5
2026-10-05 17:15:00,1,0.588,143.6,27.9
2026-10-05 17:20:00,1,0.655,149.5,27.2
2026-10-05 17:25:00,1,0.494,116.4,26.6
2026-10-05 17:30:00,1,0.552,129.6,25.9
2026-10-05 17:35:00,1,0.326,79.5,25.3
2026-10-05 17:40:00,1,0.263,65.7,24.6
2026-10-05 17:45:00,1,0.23,51.2,24.0
2026-10-05 17:50:00,1,0.161,39.7,23.3
2026-10-05 17:55:00,1,0.082,18.5,22.7
2026-10-05 18:00:00,1,0.0,0.0,22.0
2026-10-05 18:05:00,1,0.0,0.0,22.0
2026-10-05 18:10:00,1,0.0,0.0,22.0
2026-10-05 18:15:00,1,0.0,0.0,22.0
2026-10-05 18:20:00,1,0.0,0.0,22.0
2026-10-05 18:25:00,1,0.0,0.0,22.0
2026-10-05 18:30:00,1,0.0,0.0,22.0
2026-10-05 18:35:00,1,0.0,0.0,22.0
2026-10-05 18:40:00,1,0.0,0.0,22.0
2026-10-05 18:45:00,1,0.0,0.0,22.0
2026-10-05 18:50:00,1,0.0,0.0,22.0
2026-10-05 18:55:00,1,0.0,0.0,22.0
2026-10-05 19:00:00,1,0.0,0.0,22.0
2026-10-05 19:05:00,1,0.0,0.0,22.0
2026-10-05 19:10:00,1,0.0,0.0,22.0
2026-10-05 19:15:00,1,0.0,0.0,22.0
2026-10-05 19:20:00,1,0.0,0.0,22.0
2026-10-05 19:25:00,1,0.0,0.0,22.0
2026-10-05 19:30:00,1,0.0,0.0,22.0
2026-10-05 19:35:00,1,0.0,0.0,22.0
2026-10-05 19:40:00,1,0.0,0.0,22.0
2026-10-05 19:45:00,1,0.0,0.0,22.0
2026-10-05 19:55:00,1,0.0,0.0,22.0
2026-10-05 20:00:00,1,0.0,0.0,22.0
2026-10-05 20:05:00,1,0.0,0.0,22.0
2026-10-05 20:15:00,1,0.0,0.0,22.0
2026-10-05 20:20:00,1,0.0,0.0,22.0
2026-10-05 20:25:00,1,0.0,0.0,22.0
2026-10-05 20:30:00,1,0.0,0.0,22.0
2026-10-05 20:35:00,1,0.0,0.0,22.0
2026-10-05 20:40:00,1,0.0,0.0,22.0
2026-10-05 20:45:00,1,0.0,0.0,22.0
2026-10-05 20:50:00,1,0.0,0.0,22.0
2026-10-05 20:55:00,1,0.0,0.0,22.0
2026-10-05 21:00:00,1,0.0,0.0,22.0
2026-10-05 21:05:00,1,0.0,0.0,22.0
2026-10-05 21:10:00,1,0.0,0.0,22.0
2026-10-05 21:15:00,1,0.0,0.0,22.0
2026-10-05 21:20:00,1,0.0,0.0,22.0
2026-10-05 21:25:00,1,0.0,0.0,22.0
2026-10-05 21:30:00,1,0.0,0.0,22.0
2026-10-05 21:35:00,1,0.0,0.0,22.0
2026-10-05 21:40:00,1,0.0,0.0,22.0
2026-10-05 21:45:00,1,0.0,0.0,22.0
2026-10-05 21:50:00,1,0.0,0.0,22.0
2026-10-05 21:55:00,1,0.0,0.0,22.0
2026-10-05 22:00:00,1,0.0,0.0,22.0
2026-10-05 22:05:00,1,0.0,0.0,22.0
2026-10-05 22:10:00,1,0.0,0.0,22.0
2026-10-05 22:15:00,1,0.0,0.0,22.0
2026-10-05 22:20:00,1,0.0,0.0,22.0
2026-10-05 22:25:00,1,0.0,0.0,22.0
2026-10-05 22:30:00,1,0.0,0.0,22.0
2026-10-05 22:35:00,1,0.0,0.0,22.0
2026-10-05 22:40:00,1,0.0,0.0,22.0
2026-10-05 22:45:00,1,0.0,0.0,22.0
2026-10-05 22:50:00,1,0.0,0.0,22.0
2026-10-05 22:55:00,1,0.0,0.0,22.0
2026-10-05 23:00:00,1,0.0,0.0,22.0
2026-10-05 23:05:00,1,0.0,0.0,22.0
2026-10-05 23:10:00,1,0.0,0.0,22.0
2026-10-05 23:15:00,1,0.0,0.0,22.0
2026-10-05 23:20:00,1,0.0,0.0,22.0
2026-10-05 23:25:00,1,0.0,0.0,22.0
2026-10-05 23:30:00,1,0.0,0.0,22.0
2026-10-05 23:40:00,1,0.0,0.0,22.0
2026-10-05 23:45:00,1,0.0,0.0,22.0
2026-10-05 23:50:00,1,0.0,0.0,22.0
2026-10-05 23:55:00,1,0.0,0.0,22.0
2026-10-06 00:00:00,1,0.0,0.0,22.0
2026-10-06 00:05:00,1,0.0,0.0,22.0
2026-10-06 00:10:00,1,0.0,0.0,22.0
2026-10-06 00:15:00,1,0.0,0.0,22.0
2026-10-06 00:20:00,1,0.0,0.0,22.0
2026-10-06 00:25:00,1,0.0,0.0,22.0
2026-10-06 00:30:00,1,0.0,0.0,22.0
2026-10-06 00:35:00,1,0.0,0.0,22.0
2026-10-06 00:40:00,1,0.0,0.0,22.0
2026-10-06 00:45:00,1,0.0,0.0,22.0
2026-10-06 00:50:00,1,0.0,0.0,22.0
2026-10-06 00:55:00,1,0.0,0.0,22.0
2026-10-06 01:00:00,1,0.0,0.0,22.0
2026-10-06 01:05:00,1,0.0,0.0,22.0
2026-10-06 01:15:00,1,0.0,0.0,22.0
2026-10-06 01:20:00,1,0.0,0.0,22.0
2026-10-06 01:25:00,1,0.0,0.0,22.0
2026-10-06 01:30:00,1,0.0,0.0,22.0
2026-10-06 01:35:00,1,0.0,0.0,22.0
2026-10-06 01:40:00,1,0.0,0.0,22.0
2026-10-06 01:45:00,1,0.0,0.0,22.0
2026-10-06 01:50:00,1,0.0,0.0,22.0
2026-10-06 01:55:00,1,0.0,0.0,22.0
2026-10-06 02:00:00,1,0.0,0.0,22.0
2026-10-06 02:05:00,1,0.0,0.0,22.0
2026-10-06 02:10:00,1,0.0,0.0,22.0
2026-10-06 02:15:00,1,0.0,0.0,22.0
2026-10-06 02:20:00,1,0.0,0.0,22.0
2026-10-06 02:25:00,1,0.0,0.0,22.0
2026-10-06 02:35:00,1,0.0,0.0,22.0
2026-10-06 02:40:00,1,0.0,0.0,22.0
2026-10-06 02:45:00,1,0.0,0.0,22.0
2026-10-06 02:50:00,1,0.0,0.0,22.0
2026-10-06 02:55:00,1,0.0,0.0,22.0
2026-10-06 03:00:00,1,0.0,0.0,22.0
2026-10-06 03:05:00,1,0.0,0.0,22.0
2026-10-06 03:10:00,1,0.0,0.0,22.0
2026-10-06 03:15:00,1,0.0,0.0,22.0
2026-10-06 03:20:00,1,0.0,0.0,22.0
2026-10-06 03:25:00,1,0.0,0.0,22.0
2026-10-06 03:30:00,1,0.0,0.0,22.0
2026-10-06 03:40:00,1,0.0,0.0,22.0
2026-10-06 03:45:00,1,0.0,0.0,22.0
2026-10-06 03:50:00,1,0.0,0.0,22.0
2026-10-06 03:55:00,1,0.0,0.0,22.0
2026-10-06 04:00:00,1,0.0,0.0,22.0
2026-10-06 04:10:00,1,0.0,0.0,22.0
2026-10-06 04:15:00,1,0.0,0.0,22.0
2026-10-06 04:20:00,1,0.0,0.0,22.0
2026-10-06 04:25:00,1,0.0,0.0,22.0
2026-10-06 04:30:00,1,0.0,0.0,22.0
2026-10-06 04:35:00,1,0.0,0.0,22.0
2026-10-06 04:45:00,1,0.0,0.0,22.0
2026-10-06 04:50:00,1,0.0,0.0,22.0
2026-10-06 04:55:00,1,0.0,0.0,22.0
2026-10-06 05:00:00,1,0.0,0.0,22.0
2026-10-06 05:10:00,1,0.0,0.0,22.0
2026-10-06 05:15:00,1,0.0,0.0,22.0
2026-10-06 05:20:00,1,0.0,0.0,22.0
2026-10-06 05:25:00,1,0.0,0.0,22.0
2026-10-06 05:30:00,1,0.0,0.0,22.0
2026-10-06 05:35:00,1,0.0,0.0,22.0
2026-10-06 05:40:00,1,0.0,0.0,22.0
2026-10-06 05:45:00,1,0.0,0.0,22.0
2026-10-06 05:50:00,1,0.0,0.0,22.0
2026-10-06 05:55:00,1,0.0,0.0,22.0
2026-10-06 06:00:00,1,0.0,0.0,22.0
2026-10-06 06:05:00,1,0.077,18.2,22.7
2026-10-06 06:10:00,1,0.156,36.1,23.3
2026-10-06 06:15:00,1,0.218,48.8,24.0
2026-10-06 06:20:00,1,0.335,82.8,24.6
2026-10-06 06:25:00,1,0.442,100.3,25.3
2026-10-06 06:30:00,1,0.489,114.3,25.9
2026-10-06 06:35:00,1,0.468,112.1,26.6
2026-10-06 06:40:00,1,0.712,160.6,27.2
2026-10-06 06:45:00,1,0.831,193.2,27.9
2026-10-06 06:50:00,1,0.776,189.0,28.5
2026-10-06 06:55:00,1,0.739,182.4,29.1
2026-10-06 07:00:00,1,0.919,209.7,29.8
2026-10-06 07:05:00,1,1.166,263.6,30.4
2026-10-06 07:10:00,1,1.224,284.3,31.0
2026-10-06 07:15:00,1,1.016,227.5,31.6
2026-10-06 07:20:00,1,1.092,266.9,32.3
2026-10-06 07:30:00,1,1.575,367.7,33.5
2026-10-06 07:40:00,1,1.604,390.4,34.7
2026-10-06 07:45:00,1,1.485,354.8,35.3
2026-10-06 07:50:00,1,1.845,430.8,35.9
2026-10-06 07:55:00,1,1.404,344.3,36.4
2026-10-06 08:00:00,1,1.866,451.1,37.0
2026-10-06 08:05:00,1,1.852,438.7,37.6
2026-10-06 08:10:00,1,2.02,497.8,38.1
2026-10-06 08:15:00,1,1.892,436.1,38.7
2026-10-06 08:20:00,1,2.077,516.3,39.2
2026-10-06 08:25:00,1,2.083,520.2,39.7
2026-10-06 08:30:00,1,1.891,464.7,40.3
2026-10-06 08:35:00,1,2.001,499.8,40.8
2026-10-06 08:40:00,1,2.027,483.8,41.3
2026-10-06 08:45:00,1,2.476,560.5,41.8
2026-10-06 08:55:00,1,2.176,487.9,42.7
2026-10-06 09:00:00,1,2.645,617.1,43.2
2026-10-06 09:10:00,1,2.587,587.9,44.1
2026-10-06 09:15:00,1,3.184,714.0,44.6
2026-10-06 09:20:00,1,3.01,730.3,45.0
2026-10-06 09:25:00,1,2.806,668.5,45.4
2026-10-06 09:30:00,1,2.651,636.2,45.8
2026-10-06 09:35:00,1,2.791,688.0,46.2
2026-10-06 09:40:00,1,3.323,796.0,46.6
2026-10-06 09:45:00,1,3.466,786.3,46.9
2026-10-06 09:50:00,1,2.571,627.4,47.3
2026-10-06 09:55:00,1,3.434,793.4,47.6
2026-10-06 10:00:00,1,3.427,807.0,48.0
2026-10-06 10:05:00,1,3.437,813.6,48.3
2026-10-06 10:10:00,1,3.329,771.1,48.6
2026-10-06 10:15:00,1,3.711,860.3,48.9
2026-10-06 10:20:00,1,2.756,653.0,49.2
2026-10-06 10:25:00,1,2.885,716.1,49.5
2026-10-06 10:30:00,1,3.096,732.7,49.7
2026-10-06 10:35:00,1,3.574,884.9,50.0
2026-10-06 10:40:00,1,3.872,898.9,50.2
2026-10-06 10:45:00,1,3.397,794.3,50.4
2026-10-06 10:50:00,1,3.903,923.9,50.6
2026-10-06 10:55:00,1,3.577,859.8,50.8
2026-10-06 11:00:00,1,2.902,719.9,51.0
2026-10-06 11:05:00,1,3.929,941.9,51.1
2026-10-06 11:10:00,1,3.397,831.2,51.3
2026-10-06 11:15:00,1,3.441,815.4,51.4
2026-10-06 11:20:00,1,3.082,736.3,51.5
2026-10-06 11:25:00,1,3.39,813.1,51.7
2026-10-06 11:30:00,1,4.016,928.8,51.7
2026-10-06 11:35:00,1,3.142,724.0,51.8
2026-10-06 11:40:00,1,3.954,913.6,51.9
2026-10-06 11:45:00,1,4.0,959.9,51.9
2026-10-06 11:50:00,1,3.097,741.7,52.0
2026-10-06 11:55:00,1,3.815,909.3,52.0
2026-10-06 12:00:00,1,4.078,981.4,52.0
2026-10-06 12:05:00,1,4.13,937.3,52.0
2026-10-06 12:10:00,1,4.141,947.8,52.0
2026-10-06 12:15:00,1,3.701,856.1,51.9
2026-10-06 12:20:00,1,3.368,805.5,51.9
2026-10-06 12:25:00,1,3.399,759.7,51.8
2026-10-06 12:30:00,1,3.098,761.4,51.7
2026-10-06 12:35:00,1,3.816,942.2,51.7
2026-10-06 12:45:00,1,3.443,785.6,51.4
2026-10-06 12:50:00,1,3.239,793.7,51.3
2026-10-06 12:55:00,1,3.984,904.6,51.1
2026-10-06 13:00:00,1,3.377,803.0,51.0
2026-10-06 13:05:00,1,3.126,740.4,50.8
2026-10-06 13:10:00,1,3.725,881.8,50.6
2026-10-06 13:15:00,1,3.307,750.8,50.4
2026-10-06 13:20:00,1,3.737,893.2,50.2
2026-10-06 13:25:00,1,3.925,927.7,50.0
2026-10-06 13:30:00,1,3.209,752.6,49.7
2026-10-06 13:35:00,1,3.807,865.0,49.5
2026-10-06 13:40:00,1,3.035,702.4,49.2
2026-10-06 13:45:00,1,3.148,777.0,48.9
2026-10-06 13:50:00,1,3.51,847.4,48.6
2026-10-06 13:55:00,1,3.052,685.5,48.3
2026-10-06 14:00:00,1,3.22,719.9,48.0
2026-10-06 14:10:00,1,2.567,603.8,47.3
2026-10-06 14:20:00,1,3.545,802.2,46.6
2026-10-06 14:25:00,1,3.076,756.0,46.2
2026-10-06 14:30:00,1,3.273,752.8,45.8
2026-10-06 14:40:00,1,2.289,554.4,45.0
2026-10-06 14:45:00,1,2.837,650.1,44.6
2026-10-06 14:50:00,1,2.241,540.7,44.1
2026-10-06 14:55:00,1,2.172,516.0,43.7
2026-10-06 15:00:00,1,2.4,591.9,43.2
2026-10-06 15:05:00,1,2.437,607.9,42.7
2026-10-06 15:10:00,1,2.125,521.9,42.3
2026-10-06 15:15:00,1,2.403,583.2,41.8
2026-10-06 15:20:00,1,2.337,578.1,41.3
2026-10-06 15:25:00,1,1.922,450.9,40.8
2026-10-06 15:30:00,1,2.594,606.6,40.3
2026-10-06 15:35:00,1,2.147,497.3,39.7
2026-10-06 15:40:00,1,1.784,445.1,39.2
2026-10-06 15:45:00,1,1.949,446.4,38.7
2026-10-06 15:50:00,1,2.186,500.5,38.1
2026-10-06 15:55:00,1,1.581,370.0,37.6
2026-10-06 16:00:00,1,1.652,376.3,37.0
2026-10-06 16:05:00,1,1.886,437.0,36.4
2026-10-06 16:10:00,1,1.457,332.0,35.9
2026-10-06 16:15:00,1,1.402,348.5,35.3
2026-10-06 16:20:00,1,1.345,301.1,34.7
2026-10-06 16:25:00,1,1.715,401.4,34.1
2026-10-06 16:30:00,1,1.451,354.4,33.5
2026-10-06 16:35:00,1,1.501,338.6,32.9
2026-10-06 16:40:00,1,1.055,252.2,32.3
2026-10-06 16:45:00,1,1.32,296.7,31.6
2026-10-06 16:50:00,1,1.267,298.3,31.0
2026-10-06 16:55:00,1,1.165,273.5,30.4
2026-10-06 17:00:00,1,0.96,237.6,29.8
2026-10-06 17:05:00,1,0.961,225.0,29.1
2026-10-06 17:10:00,1,0.679,156.7,28.5
2026-10-06 17:15:00,1,0.724,171.8,27.9
2026-10-06 17:20:00,1,0.563,139.9,27.2
2026-10-06 17:25:00,1,0.552,122.6,26.6
2026-10-06 17:30:00,1,0.58,129.7,25.9
2026-10-06 17:35:00,1,0.406,97.0,25.3
2026-10-06 17:40:00,1,0.353,78.8,24.6
2026-10-06 17:50:00,1,0.138,31.4,23.3
2026-10-06 17:55:00,1,0.076,17.8,22.7
2026-10-06 18:00:00,1,0.0,0.0,22.0
2026-10-06 18:05:00,1,0.0,0.0,22.0
2026-10-06 18:10:00,1,0.0,0.0,22.0
2026-10-06 18:15:00,1,0.0,0.0,22.0
2026-10-06 18:20:00,1,0.0,0.0,22.0
2026-10-06 18:25:00,1,0.0,0.0,22.0
2026-10-06 18:30:00,1,0.0,0.0,22.0
2026-10-06 18:35:00,1,0.0,0.0,22.0
2026-10-06 18:40:00,1,0.0,0.0,22.0
2026-10-06 18:45:00,1,0.0,0.0,22.0
2026-10-06 18:50:00,1,0.0,0.0,22.0
2026-10-06 18:55:00,1,0.0,0.0,22.0
2026-10-06 19:00:00,1,0.0,0.0,22.0
2026-10-06 19:05:00,1,0.0,0.0,22.0
2026-10-06 19:15:00,1,0.0,0.0,22.0
2026-10-06 19:20:00,1,0.0,0.0,22.0
2026-10-06 19:25:00,1,0.0,0.0,22.0
2026-10-06 19:30:00,1,0.0,0.0,22.0
2026-10-06 19:35:00,1,0.0,0.0,22.0
2026-10-06 19:40:00,1,0.0,0.0,22.0
2026-10-06 19:45:00,1,0.0,0.0,22.0
2026-10-06 19:50:00,1,0.0,0.0,22.0
2026-10-06 19:55:00,1,0.0,0.0,22.0
2026-10-06 20:00:00,1,0.0,0.0,22.0
2026-10-06 20:05:00,1,0.0,0.0,22.0
2026-10-06 20:10:00,1,0.0,0.0,22.0
2026-10-06 20:15:00,1,0.0,0.0,22.0
2026-10-06 20:20:00,1,0.0,0.0,22.0
2026-10-06 20:25:00,1,0.0,0.0,22.0
2026-10-06 20:30:00,1,0.0,0.0,22.0
2026-10-06 20:35:00,1,0.0,0.0,22.0
2026-10-06 20:40:00,1,0.0,0.0,22.0
2026-10-06 20:45:00,1,0.0,0.0,22.0
2026-10-06 20:50:00,1,0.0,0.0,22.0
2026-10-06 20:55:00,1,0.0,0.0,22.0
2026-10-06 21:00:00,1,0.0,0.0,22.0
2026-10-06 21:05:00,1,0.0,0.0,22.0
2026-10-06 21:10:00,1,0.0,0.0,22.0
2026-10-06 21:15:00,1,0.0,0.0,22.0
2026-10-06 21:20:00,1,0.0,0.0,22.0
2026-10-06 21:25:00,1,0.0,0.0,22.0
2026-10-06 21:30:00,1,0.0,0.0,22.0
2026-10-06 21:35:00,1,0.0,0.0,22.0
2026-10-06 21:40:00,1,0.0,0.0,22.0
2026-10-06 21:45:00,1,0.0,0.0,22.0
2026-10-06 21:50:00,1,0.0,0.0,22.0
2026-10-06 21:55:00,1,0.0,0.0,22.0
2026-10-06 22:00:00,1,0.0,0.0,22.0
2026-10-06 22:05:00,1,0.0,0.0,22.0
2026-10-06 22:10:00,1,0.0,0.0,22.0
2026-10-06 22:15:00,1,0.0,0.0,22.0
2026-10-06 22:20:00,1,0.0,0.0,22.0
2026-10-06 22:25:00,1,0.0,0.0,22.0
2026-10-06 22:30:00,1,0.0,0.0,22.0
2026-10-06 22:35:00,1,0.0,0.0,22.0
2026-10-06 22:40:00,1,0.0,0.0,22.0
2026-10-06 22:45:00,1,0.0,0.0,22.0
2026-10-06 22:50:00,1,0.0,0.0,22.0
2026-10-06 22:55:00,1,0.0,0.0,22.0
2026-10-06 23:00:00,1,0.0,0.0,22.0
2026-10-06 23:05:00,1,0.0,0.0,22.0
2026-10-06 23:10:00,1,0.0,0.0,22.0
2026-10-06 23:15:00,1,0.0,0.0,22.0
2026-10-06 23:20:00,1,0.0,0.0,22.0
2026-10-06 23:25:00,1,0.0,0.0,22.0
2026-10-06 23:30:00,1,0.0,0.0,22.0
2026-10-06 23:35:00,1,0.0,0.0,22.0
2026-10-06 23:40:00,1,0.0,0.0,22.0
2026-10-06 23:50:00,1,0.0,0.0,22.0
2026-10-06 23:55:00,1,0.0,0.0,22.0
2026-10-07 00:00:00,1,0.0,0.0,22.0
2026-10-07 00:05:00,1,0.0,0.0,22.0
2026-10-07 00:10:00,1,0.0,0.0,22.0
2026-10-07 00:15:00,1,0.0,0.0,22.0
2026-10-07 00:20:00,1,0.0,0.0,22.0
2026-10-07 00:25:00,1,0.0,0.0,22.0
2026-10-07 00:30:00,1,0.0,0.0,22.0
2026-10-07 00:35:00,1,0.0,0.0,22.0
2026-10-07 00:40:00,1,0.0,0.0,22.0
2026-10-07 00:45:00,1,0.0,0.0,22.0
2026-10-07 00:50:00,1,0.0,0.0,22.0
2026-10-07 00:55:00,1,0.0,0.0,22.0
2026-10-07 01:00:00,1,0.0,0.0,22.0
2026-10-07 01:05:00,1,0.0,0.0,22.0
2026-10-07 01:10:00,1,0.0,0.0,22.0
2026-10-07 01:15:00,1,0.0,0.0,22.0
2026-10-07 01:20:00,1,0.0,0.0,22.0
2026-10-07 01:25:00,1,0.0,0.0,22.0
2026-10-07 01:30:00,1,0.0,0.0,22.0
2026-10-07 01:35:00,1,0.0,0.0,22.0
2026-10-07 01:40:00,1,0.0,0.0,22.0
2026-10-07 01:45:00,1,0.0,0.0,22.0
2026-10-07 01:50:00,1,0.0,0.0,22.0
2026-10-07 01:55:00,1,0.0,0.0,22.0
2026-10-07 02:00:00,1,0.0,0.0,22.0
2026-10-07 02:05:00,1,0.0,0.0,22.0
2026-10-07 02:10:00,1,0.0,0.0,22.0
2026-10-07 02:15:00,1,0.0,0.0,22.0
2026-10-07 02:20:00,1,0.0,0.0,22.0
2026-10-07 02:25:00,1,0.0,0.0,22.0
2026-10-07 02:30:00,1,0.0,0.0,22.0
2026-10-07 02:35:00,1,0.0,0.0,22.0
2026-10-07 02:40:00,1,0.0,0.0,22.0
2026-10-07 02:45:00,1,0.0,0.0,22.0
2026-10-07 02:50:00,1,0.0,0.0,22.0
2026-10-07 02:55:00,1,0.0,0.0,22.0
2026-10-07 03:00:00,1,0.0,0.0,22.0
2026-10-07 03:05:00,1,0.0,0.0,22.0
2026-10-07 03:10:00,1,0.0,0.0,22.0
2026-10-07 03:15:00,1,0.0,0.0,22.0
2026-10-07 03:20:00,1,0.0,0.0,22.0
2026-10-07 03:25:00,1,0.0,0.0,22.0
2026-10-07 03:30:00,1,0.0,0.0,22.0
2026-10-07 03:35:00,1,0.0,0.0,22.0
2026-10-07 03:40:00,1,0.0,0.0,22.0
2026-10-07 03:45:00,1,0.0,0.0,22.0
2026-10-07 03:50:00,1,0.0,0.0,22.0
2026-10-07 03:55:00,1,0.0,0.0,22.0
2026-10-07 04:05:00,1,0.0,0.0,22.0
2026-10-07 04:10:00,1,0.0,0.0,22.0
2026-10-07 04:15:00,1,0.0,0.0,22.0
2026-10-07 04:20:00,1,0.0,0.0,22.0
2026-10-07 04:25:00,1,0.0,0.0,22.0
2026-10-07 04:30:00,1,0.0,0.0,22.0
2026-10-07 04:35:00,1,0.0,0.0,22.0
2026-10-07 04:40:00,1,0.0,0.0,22.0
2026-10-07 04:45:00,1,0.0,0.0,22.0
2026-10-07 04:50:00,1,0.0,0.0,22.0
2026-10-07 04:55:00,1,0.0,0.0,22.0
2026-10-07 05:00:00,1,0.0,0.0,22.0
2026-10-07 05:05:00,1,0.0,0.0,22.0
2026-10-07 05:10:00,1,0.0,0.0,22.0
2026-10-07 05:15:00,1,0.0,0.0,22.0
2026-10-07 05:20:00,1,0.0,0.0,22.0
2026-10-07 05:25:00,1,0.0,0.0,22.0
2026-10-07 05:30:00,1,0.0,0.0,22.0
2026-10-07 05:35:00,1,0.0,0.0,22.0
2026-10-07 05:40:00,1,0.0,0.0,22.0
2026-10-07 05:45:00,1,0.0,0.0,22.0
2026-10-07 05:50:00,1,0.0,0.0,22.0
2026-10-07 05:55:00,1,0.0,0.0,22.0
2026-10-07 06:00:00,1,0.0,0.0,22.0
2026-10-07 06:05:00,1,0.079,17.8,22.7
2026-10-07 06:10:00,1,0.154,35.4,23.3
2026-10-07 06:15:00,1,0.244,56.4,24.0
2026-10-07 06:20:00,1,0.28,65.7,24.6
2026-10-07 06:30:00,1,0.383,92.3,25.9
2026-10-07 06:35:00,1,0.56,131.3,26.6
2026-10-07 06:40:00,1,0.561,134.4,27.2
2026-10-07 06:45:00,1,0.835,191.4,27.9
2026-10-07 06:50:00,1,0.859,204.1,28.5
2026-10-07 06:55:00,1,0.919,229.4,29.1
2026-10-07 07:00:00,1,0.759,189.0,29.8
2026-10-07 07:05:00,1,1.026,254.9,30.4
2026-10-07 07:10:00,1,1.016,246.8,31.0
2026-10-07 07:15:00,1,1.242,308.3,31.6
2026-10-07 07:20:00,1,1.186,269.1,32.3
2026-10-07 07:25:00,1,1.24,288.4,32.9
2026-10-07 07:30:00,1,1.265,304.7,33.5
2026-10-07 07:35:00,1,1.487,361.7,34.1
2026-10-07 07:40:00,1,1.358,303.6,34.7
2026-10-07 07:45:00,1,1.857,430.6,35.3
2026-10-07 07:50:00,1,1.758,391.9,35.9
2026-10-07 07:55:00,1,1.905,433.6,36.4
2026-10-07 08:00:00,1,1.68,412.4,37.0
2026-10-07 08:05:00,1,2.036,480.6,37.6
2026-10-07 08:10:00,1,1.849,424.6,38.1
2026-10-07 08:15:00,1,2.318,541.4,38.7
2026-10-07 08:20:00,1,2.023,497.4,39.2
2026-10-07 08:25:00,1,1.946,450.0,39.7
2026-10-07 08:30:00,1,2.35,580.8,40.3
2026-10-07 08:35:00,1,1.959,473.9,40.8
2026-10-07 08:40:00,1,2.512,566.2,41.3
2026-10-07 08:45:00,1,2.671,612.2,41.8
2026-10-07 08:50:00,1,2.528,570.1,42.3
2026-10-07 08:55:00,1,2.736,682.6,42.7
2026-10-07 09:00:00,1,2.837,699.1,43.2
2026-10-07 09:05:00,1,2.512,609.4,43.7
2026-10-07 09:10:00,1,2.502,561.3,44.1
2026-10-07 09:15:00,1,2.938,701.2,44.6
2026-10-07 09:20:00,1,2.556,618.8,45.0
2026-10-07 09:25:00,1,2.682,662.3,45.4
2026-10-07 09:30:00,1,2.948,667.1,45.8
2026-10-07 09:35:00,1,2.752,654.2,46.2
2026-10-07 09:40:00,1,2.557,627.8,46.6
2026-10-07 09:45:00,1,3.497,815.2,46.9
2026-10-07 09:50:00,1,2.619,628.9,47.3
2026-10-07 09:55:00,1,3.452,812.2,47.6
2026-10-07 10:00:00,1,3.237,784.1,48.0
2026-10-07 10:05:00,1,3.75,867.9,48.3
2026-10-07 10:10:00,1,2.927,665.7,48.6
2026-10-07 10:15:00,1,3.487,821.6,48.9
2026-10-07 10:20:00,1,3.378,781.8,49.2
2026-10-07 10:25:00,1,2.875,650.0,49.5
2026-10-07 10:30:00,1,3.646,831.9,49.7
2026-10-07 10:35:00,1,3.655,888.0,50.0
2026-10-07 10:40:00,1,2.809,660.4,50.2
2026-10-07 10:45:00,1,3.633,838.4,50.4
2026-10-07 10:55:00,1,3.329,830.9,50.8
2026-10-07 11:05:00,1,3.977,916.9,51.1
2026-10-07 11:10:00,1,3.85,949.9,51.3
2026-10-07 11:15:00,1,2.992,730.4,51.4
2026-10-07 11:20:00,1,3.845,930.2,51.5
2026-10-07 11:25:00,1,3.373,802.5,51.7
2026-10-07 11:30:00,1,4.066,988.5,51.7
2026-10-07 11:35:00,1,4.105,948.7,51.8
2026-10-07 11:40:00,1,3.74,924.3,51.9
2026-10-07 11:50:00,1,3.19,750.7,52.0
2026-10-07 11:55:00,1,4.005,935.1,52.0
2026-10-07 12:05:00,1,3.384,763.2,52.0
2026-10-07 12:10:00,1,3.387,841.8,52.0
2026-10-07 12:15:00,1,4.341,975.6,51.9
2026-10-07 12:20:00,1,3.157,707.2,51.9
2026-10-07 12:25:00,1,4.219,982.6,51.8
2026-10-07 12:30:00,1,3.804,906.0,51.7
2026-10-07 12:35:00,1,3.049,740.0,51.7
2026-10-07 12:40:00,1,3.578,804.3,51.5
2026-10-07 12:45:00,1,3.699,908.9,51.4
2026-10-07 12:50:00,1,3.806,895.5,51.3
2026-10-07 12:55:00,1,2.934,695.6,51.1
2026-10-07 13:00:00,1,3.397,774.8,51.0
2026-10-07 13:10:00,1,3.353,745.8,50.6
2026-10-07 13:15:00,1,3.415,763.9,50.4
2026-10-07 13:20:00,1,3.678,849.4,50.2
2026-10-07 13:25:00,1,3.631,825.4,50.0
2026-10-07 13:30:00,1,2.73,669.5,49.7
2026-10-07 13:35:00,1,3.561,814.8,49.5
2026-10-07 13:40:00,1,2.655,663.4,49.2
2026-10-07 13:45:00,1,2.997,724.7,48.9
2026-10-07 13:50:00,1,2.834,670.8,48.6
2026-10-07 13:55:00,1,2.893,721.0,48.3
2026-10-07 14:00:00,1,2.71,630.4,48.0
2026-10-07 14:05:00,1,2.891,697.2,47.6
2026-10-07 14:10:00,1,2.723,611.8,47.3
2026-10-07 14:15:00,1,3.54,826.0,46.9
2026-10-07 14:20:00,1,2.714,667.0,46.6
2026-10-07 14:25:00,1,2.757,683.8,46.2
2026-10-07 14:30:00,1,2.781,655.6,45.8
2026-10-07 14:35:00,1,2.494,604.8,45.4
2026-10-07 14:40:00,1,2.757,672.7,45.0
2026-10-07 14:45:00,1,2.662,595.0,44.6
2026-10-07 14:50:00,1,2.876,653.3,44.1
2026-10-07 14:55:00,1,2.549,578.2,43.7
2026-10-07 15:00:00,1,2.854,701.6,43.2
2026-10-07 15:05:00,1,2.791,680.6,42.7
2026-10-07 15:10:00,1,2.997,668.4,42.3
2026-10-07 15:15:00,1,2.543,599.0,41.8
2026-10-07 15:20:00,1,2.08,496.7,41.3
2026-10-07 15:25:00,1,2.077,511.9,40.8
2026-10-07 15:30:00,1,2.283,534.3,40.3
2026-10-07 15:35:00,1,2.29,511.5,39.7
2026-10-07 15:40:00,1,2.208,523.4,39.2
2026-10-07 15:45:00,1,2.224,504.4,38.7
2026-10-07 15:50:00,1,1.879,442.1,38.1
2026-10-07 15:55:00,1,1.735,400.8,37.6
2026-10-07 16:00:00,1,1.891,468.4,37.0
2026-10-07 16:05:00,1,1.705,405.8,36.4
2026-10-07 16:10:00,1,1.959,450.7,35.9
2026-10-07 16:15:00,1,1.733,414.5,35.3
2026-10-07 16:20:00,1,1.572,363.9,34.7
2026-10-07 16:25:00,1,1.622,374.8,34.1
2026-10-07 16:30:00,1,1.376,342.2,33.5
2026-10-07 16:35:00,1,1.375,327.4,32.9
2026-10-07 16:45:00,1,1.064,250.0,31.6
2026-10-07 16:50:00,1,1.127,262.9,31.0
2026-10-07 16:55:00,1,1.003,228.7,30.4
2026-10-07 17:05:00,1,0.731,173.8,29.1
2026-10-07 17:10:00,1,0.711,159.0,28.5
2026-10-07 17:15:00,1,0.654,154.8,27.9
2026-10-07 17:20:00,1,0.622,146.7,27.2
2026-10-07 17:25:00,1,0.575,138.3,26.6
2026-10-07 17:30:00,1,0.499,123.1,25.9
2026-10-07 17:35:00,1,0.423,97.4,25.3
2026-10-07 17:40:00,1,0.357,86.7,24.6
2026-10-07 17:45:00,1,0.209,48.9,24.0
2026-10-07 17:50:00,1,0.141,33.6,23.3
2026-10-07 18:00:00,1,0.0,0.0,22.0
2026-10-07 18:05:00,1,0.0,0.0,22.0
2026-10-07 18:10:00,1,0.0,0.0,22.0
2026-10-07 18:15:00,1,0.0,0.0,22.0
2026-10-07 18:20:00,1,0.0,0.0,22.0
2026-10-07 18:25:00,1,0.0,0.0,22.0
2026-10-07 18:30:00,1,0.0,0.0,22.0
2026-10-07 18:35:00,1,0.0,0.0,22.0
2026-10-07 18:40:00,1,0.0,0.0,22.0
2026-10-07 18:45:00,1,0.0,0.0,22.0
2026-10-07 18:50:00,1,0.0,0.0,22.0
2026-10-07 18:55:00,1,0.0,0.0,22.0
2026-10-07 19:00:00,1,0.0,0.0,22.0
2026-10-07 19:05:00,1,0.0,0.0,22.0
2026-10-07 19:10:00,1,0.0,0.0,22.0
2026-10-07 19:15:00,1,0.0,0.0,22.0
2026-10-07 19:25:00,1,0.0,0.0,22.0
2026-10-07 19:30:00,1,0.0,0.0,22.0
2026-10-07 19:35:00,1,0.0,0.0,22.0
2026-10-07 19:40:00,1,0.0,0.0,22.0
2026-10-07 19:45:00,1,0.0,0.0,22.0
2026-10-07 19:50:00,1,0.0,0.0,22.0
2026-10-07 19:55:00,1,0.0,0.0,22.0
2026-10-07 20:00:00,1,0.0,0.0,22.0
2026-10-07 20:10:00,1,0.0,0.0,22.0
2026-10-07 20:15:00,1,0.0,0.0,22.0
2026-10-07 20:20:00,1,0.0,0.0,22.0
2026-10-07 20:25:00,1,0.0,0.0,22.0
2026-10-07 20:30:00,1,0.0,0.0,22.0
2026-10-07 20:35:00,1,0.0,0.0,22.0
2026-10-07 20:40:00,1,0.0,0.0,22.0
2026-10-07 20:45:00,1,0.0,0.0,22.0
2026-10-07 20:50:00,1,0.0,0.0,22.0
2026-10-07 20:55:00,1,0.0,0.0,22.0
2026-10-07 21:00:00,1,0.0,0.0,22.0
2026-10-07 21:05:00,1,0.0,0.0,22.0
2026-10-07 21:10:00,1,0.0,0.0,22.0
2026-10-07 21:15:00,1,0.0,0.0,22.0
2026-10-07 21:20:00,1,0.0,0.0,22.0
2026-10-07 21:25:00,1,0.0,0.0,22.0
2026-10-07 21:30:00,1,0.0,0.0,22.0
2026-10-07 21:35:00,1,0.0,0.0,22.0
2026-10-07 21:40:00,1,0.0,0.0,22.0
2026-10-07 21:45:00,1,0.0,0.0,22.0
2026-10-07 21:55:00,1,0.0,0.0,22.0
2026-10-07 22:00:00,1,0.0,0.0,22.0
2026-10-07 22:05:00,1,0.0,0.0,22.0
2026-10-07 22:10:00,1,0.0,0.0,22.0
2026-10-07 22:15:00,1,0.0,0.0,22.0
2026-10-07 22:20:00,1,0.0,0.0,22.0
2026-10-07 22:25:00,1,0.0,0.0,22.0
2026-10-07 22:30:00,1,0.0,0.0,22.0
2026-10-07 22:40:00,1,0.0,0.0,22.0
2026-10-07 22:45:00,1,0.0,0.0,22.0
2026-10-07 22:50:00,1,0.0,0.0,22.0
2026-10-07 22:55:00,1,0.0,0.0,22.0
2026-10-07 23:00:00,1,0.0,0.0,22.0
2026-10-07 23:05:00,1,0.0,0.0,22.0
2026-10-07 23:10:00,1,0.0,0.0,22.0
2026-10-07 23:15:00,1,0.0,0.0,22.0
2026-10-07 23:20:00,1,0.0,0.0,22.0
2026-10-07 23:25:00,1,0.0,0.0,22.0
2026-10-07 23:30:00,1,0.0,0.0,22.0
2026-10-07 23:35:00,1,0.0,0.0,22.0
2026-10-07 23:40:00,1,0.0,0.0,22.0
2026-10-07 23:45:00,1,0.0,0.0,22.0
2026-10-07 23:50:00,1,0.0,0.0,22.0
2026-10-07 23:55:00,1,0.0,0.0,22.0
